EmployeeID,EmployeeName,Department,JobRole,Gender,Region,HireDate,Salary,PerformanceRating
E1001,Daniel Davis,Operations,Operations Executive,Male,North,03-07-2020,50082,2
E1002,Amelia Davis,HR,HR Executive,Male,West,15-04-2025,64446,3
E1003,James Thompson,Finance,Accountant,Male,North,10-10-2021,84898,4
E1004,Noah Johnson,Operations,Operations Analyst,Male,East,11-03-2024,51003,3
E1005,Noah Wilson,Sales,Sales Executive,Male,South,01-02-2023,68909,2
E1006,Sophia Thomas,Marketing,SEO Analyst,Male,West,04-04-2022,65010,4
E1007,Henry Clark,Finance,Financial Analyst,Male,South,12-07-2021,85928,4
E1008,Henry Anderson,HR,Recruiter,Female,North,18-07-2024,73723,2
E1009,Mia White,Sales,Sales Executive,Male,North,18-09-2018,70216,2
E1010,Liam Johnson,Operations,Supply Coordinator,Female,North,17-04-2021,80806,3
E1011,David Taylor,Operations,Operations Analyst,Male,East,24-10-2019,55331,4
E1012,Henry Johnson,HR,HR Executive,Male,East,17-12-2018,54535,3
E1013,James Clark,Marketing,SEO Analyst,Female,North,18-01-2024,74472,5
E1014,Liam Smith,HR,HR Executive,Male,North,06-08-2024,64432,2
E1015,Daniel Harris,Finance,Financial Analyst,Male,North,12-06-2023,90976,3
E1016,Ava Anderson,Sales,Sales Associate,Female,South,11-08-2022,75606,2
E1017,David Anderson,HR,HR Executive,Female,North,22-01-2020,80318,2
E1018,Michael Clark,Operations,Supply Coordinator,Male,South,26-08-2020,74282,2
E1019,Daniel Clark,IT,Data Analyst,Female,North,07-02-2023,80144,3
E1020,Liam Smith,Marketing,SEO Analyst,Male,South,25-07-2018,53727,2
E1021,Olivia Anderson,Sales,Sales Associate,Male,East,07-05-2019,61135,4
E1022,Olivia Wilson,HR,Recruiter,Female,North,10-06-2022,69660,5
E1023,Lucas Wilson,Sales,Sales Associate,Male,East,27-06-2019,67872,5
E1024,Amelia Wilson,Marketing,SEO Analyst,Male,East,10-06-2025,57014,3
E1025,Liam Davis,Finance,Finance Executive,Male,East,16-09-2025,92016,5
E1026,David Harris,Sales,Sales Executive,Female,South,08-12-2020,55589,2
E1027,Henry Jackson,Marketing,Marketing Executive,Female,South,30-08-2019,73897,4
E1028,Ava Thompson,Operations,Operations Executive,Male,South,12-04-2024,75020,2
E1029,Olivia Wilson,Operations,Operations Analyst,Female,East,15-10-2019,61079,5
E1030,John Harris,Finance,Financial Analyst,Male,East,02-03-2020,78258,5
E1031,Sophia White,Sales,Sales Executive,Female,West,23-12-2020,47507,2
E1032,Sarah Martin,Marketing,Marketing Executive,Female,East,22-11-2022,78265,4
E1033,Lucas Wilson,Operations,Operations Executive,Female,South,24-06-2025,84333,3
E1034,Grace White,IT,System Administrator,Male,West,17-05-2021,88803,4
E1035,Lucas Thomas,IT,System Administrator,Male,East,27-11-2019,113506,3
E1036,John Smith,HR,HR Executive,Male,West,29-09-2020,54772,5
E1037,John Clark,IT,BI Analyst,Male,South,13-03-2019,115607,2
E1038,Ethan Harris,Sales,Account Manager,Male,West,16-12-2023,65794,3
E1039,Daniel Thompson,IT,Software Engineer,Male,East,06-11-2023,98827,3
E1040,David Brown,Finance,Accountant,Male,West,05-08-2020,74021,4
E1041,Mia Anderson,IT,Data Analyst,Male,West,20-07-2024,70386,5
E1042,Charlotte Davis,Marketing,SEO Analyst,Male,West,22-01-2021,72028,3
E1043,Noah White,HR,Recruiter,Male,East,30-04-2024,55501,2
E1044,Ethan Taylor,IT,Software Engineer,Male,North,14-10-2021,86532,2
E1045,Sarah Thompson,Finance,Financial Analyst,Male,West,08-05-2018,61335,3
E1046,Ethan Martin,Operations,Operations Executive,Male,East,15-11-2020,55084,2
E1047,Noah Martin,Marketing,SEO Analyst,Female,East,23-03-2020,69764,2
E1048,Michael Jackson,Marketing,Content Specialist,Female,West,06-04-2025,56916,4
E1049,Sophia Martin,Operations,Operations Executive,Female,South,08-11-2023,65589,4
E1050,Olivia Thompson,Sales,Account Manager,Female,South,19-03-2023,69837,5
E1051,Daniel Clark,Finance,Accountant,Female,West,07-09-2024,93857,5
E1052,Charlotte Thomas,Marketing,Marketing Executive,Female,West,12-03-2018,65945,4
E1053,Mia Martin,Marketing,SEO Analyst,Female,North,04-03-2024,70094,3
E1054,Emily Martin,Operations,Operations Executive,Female,North,04-01-2024,66120,4
E1055,Ava Brown,HR,HR Generalist,Male,South,23-05-2021,58295,4
E1056,John White,Operations,Operations Analyst,Male,West,10-03-2021,51367,4
E1057,Charlotte Johnson,Sales,Sales Executive,Female,North,21-06-2024,48513,3
E1058,Lucas Anderson,Marketing,Content Specialist,Male,South,20-01-2023,87265,2
E1059,Michael Brown,Operations,Operations Executive,Female,East,09-09-2020,77524,5
E1060,Emma Martin,Sales,Sales Executive,Female,North,03-02-2023,49664,5
E1061,Daniel Garcia,Marketing,Marketing Executive,Male,North,06-08-2019,88996,5
E1062,Daniel Jackson,IT,Software Engineer,Female,East,21-01-2024,109192,4
E1063,Henry White,Sales,Sales Executive,Male,South,26-03-2018,62662,4
E1064,Michael Thomas,Marketing,Content Specialist,Female,West,26-11-2021,56855,4
E1065,Noah Garcia,Operations,Operations Analyst,Female,West,03-03-2024,69186,2
E1066,Mia Smith,Marketing,Marketing Executive,Female,East,08-02-2020,78969,3
E1067,Ethan Clark,Marketing,Marketing Executive,Female,East,31-10-2025,89903,3
E1068,Michael Davis,Marketing,Marketing Executive,Female,West,10-04-2019,69127,4
E1069,Ethan Jackson,IT,System Administrator,Male,West,16-08-2019,118909,4
E1070,John Wilson,Finance,Finance Executive,Female,West,07-05-2021,89264,4
E1071,Olivia White,IT,Software Engineer,Male,South,18-04-2022,90852,5
E1072,Lucas White,IT,Data Analyst,Male,West,21-09-2021,104468,3
E1073,Charlotte Thompson,Operations,Operations Executive,Male,West,21-12-2020,72904,4
E1074,Olivia Harris,Marketing,Marketing Executive,Male,South,04-09-2025,56451,5
E1075,Sarah Taylor,Operations,Operations Analyst,Male,South,18-08-2018,64003,5
E1076,Grace Garcia,HR,HR Executive,Male,East,16-04-2022,82615,5
E1077,Emma Harris,Operations,Operations Executive,Female,East,17-02-2024,67605,5
E1078,Noah Garcia,IT,Software Engineer,Male,North,03-06-2023,107481,4
E1079,John White,Operations,Operations Analyst,Female,South,10-09-2025,71089,3
E1080,Emily Clark,Marketing,Content Specialist,Male,North,14-01-2025,87982,3
E1081,Sophia Davis,Finance,Accountant,Female,East,26-06-2019,92885,5
E1082,Ethan Johnson,Operations,Operations Analyst,Male,North,31-07-2019,48912,4
E1083,Henry Anderson,IT,Software Engineer,Female,South,28-02-2025,100898,4
E1084,Emma Harris,Operations,Operations Executive,Female,North,31-07-2022,80284,2
E1085,Noah Thomas,HR,Recruiter,Male,East,28-02-2022,60126,5
E1086,James Thomas,Sales,Sales Associate,Female,North,27-12-2022,60473,4
E1087,Emily Garcia,IT,Software Engineer,Male,South,06-02-2023,73314,3
E1088,Henry Davis,Sales,Sales Associate,Male,South,12-08-2020,66532,4
E1089,David Smith,Sales,Sales Associate,Male,West,07-01-2022,60593,3
E1090,Charlotte Thomas,Marketing,Marketing Executive,Male,West,22-01-2022,64519,4
E1091,Charlotte Garcia,Operations,Operations Executive,Male,East,04-07-2022,52816,2
E1092,David Wilson,Marketing,Marketing Executive,Male,North,01-01-2025,79734,5
E1093,Mia Thomas,Operations,Operations Executive,Male,West,24-07-2020,54231,4
E1094,Ava Brown,Finance,Finance Executive,Female,East,14-09-2025,65978,2
E1095,Henry Jackson,HR,Recruiter,Male,East,19-04-2024,58010,4
E1096,David Harris,Finance,Financial Analyst,Male,South,30-05-2023,82945,4
E1097,John Brown,IT,Data Analyst,Female,North,24-01-2021,70400,5
E1098,Michael Martin,HR,Recruiter,Male,East,13-12-2023,74654,4
E1099,Sarah Brown,Operations,Operations Analyst,Male,West,07-10-2019,79828,5
E1100,Ava Anderson,Finance,Financial Analyst,Male,West,31-03-2019,94533,3
E1101,James Wilson,Marketing,Marketing Executive,Male,West,15-05-2020,57863,5
E1102,Amelia Martin,HR,HR Executive,Female,West,31-07-2020,73210,2
E1103,Henry Anderson,Sales,Account Manager,Female,West,16-12-2025,72373,3
E1104,Mia Garcia,Operations,Operations Analyst,Male,East,10-03-2019,73936,4
E1105,Michael Jackson,HR,HR Generalist,Male,South,06-02-2025,84773,3
E1106,James Brown,Sales,Sales Executive,Female,East,03-10-2024,55018,5
E1107,Ethan Johnson,Operations,Operations Analyst,Male,East,05-04-2023,71064,2
E1108,Sarah Taylor,IT,System Administrator,Male,West,21-03-2021,95197,2
E1109,Liam White,Marketing,SEO Analyst,Male,South,03-05-2023,56783,2
E1110,Ethan Jackson,Sales,Sales Executive,Female,North,12-11-2023,55403,4
E1111,Michael Taylor,Operations,Supply Coordinator,Female,North,23-01-2019,57854,4
E1112,Ava Wilson,Marketing,SEO Analyst,Male,South,11-05-2025,86629,4
E1113,Mia Jackson,Operations,Supply Coordinator,Male,South,22-01-2022,70395,5
E1114,Michael Wilson,HR,HR Executive,Male,South,19-02-2019,84506,5
E1115,Ethan Smith,HR,HR Executive,Male,South,10-08-2022,65566,3
E1116,Ava Harris,Finance,Accountant,Male,South,25-05-2024,78466,5
E1117,Daniel Smith,HR,Recruiter,Male,North,11-03-2025,74327,4
E1118,Lucas Brown,HR,HR Generalist,Female,West,27-11-2022,64551,2
E1119,Noah Johnson,Marketing,Content Specialist,Male,North,16-03-2022,71973,3
E1120,Charlotte Thomas,Finance,Accountant,Male,North,25-11-2024,61245,5
E1121,Emily Smith,Finance,Financial Analyst,Female,South,03-09-2020,64116,2
E1122,Mia Smith,Operations,Operations Executive,Female,North,23-11-2024,82307,4
E1123,Noah Garcia,Marketing,SEO Analyst,Male,East,10-04-2023,51064,2
E1124,Henry Martin,HR,Recruiter,Male,West,23-09-2021,52905,5
E1125,Michael Martin,Operations,Operations Executive,Male,East,18-02-2023,50746,4
E1126,Daniel Smith,Marketing,Content Specialist,Female,East,03-04-2025,71753,2
E1127,Noah Taylor,IT,System Administrator,Female,North,05-02-2020,104031,5
E1128,Liam Johnson,IT,BI Analyst,Female,West,24-11-2018,99223,3
E1129,Ava White,Finance,Accountant,Male,North,17-11-2022,64917,3
E1130,Sarah Brown,HR,Recruiter,Female,West,03-10-2018,74007,3
E1131,Michael White,Finance,Accountant,Female,North,18-07-2019,86085,2
E1132,Lucas Anderson,Operations,Operations Executive,Female,West,19-04-2024,62062,4
E1133,Michael Thomas,HR,HR Executive,Male,East,09-12-2019,55753,4
E1134,Ava Jackson,HR,Recruiter,Male,East,07-07-2020,63171,4
E1135,Michael Wilson,IT,BI Analyst,Male,East,19-06-2022,96832,3
E1136,Ethan Harris,Operations,Operations Executive,Female,North,21-10-2023,80955,2
E1137,Sophia Brown,Marketing,Marketing Executive,Female,East,14-08-2021,55168,3
E1138,Grace Jackson,HR,Recruiter,Female,North,18-01-2019,61051,2
E1139,James Thompson,Sales,Sales Executive,Female,West,01-06-2024,72301,4
E1140,Emma Thomas,HR,Recruiter,Female,East,26-10-2018,60359,3
E1141,Liam Martin,Marketing,Marketing Executive,Female,South,15-11-2021,86808,4
E1142,Ethan Davis,IT,Data Analyst,Female,East,01-08-2019,95175,3
E1143,James Thompson,Marketing,SEO Analyst,Female,North,15-10-2019,70220,2
E1144,James White,IT,System Administrator,Male,North,16-12-2021,102433,4
E1145,Daniel Martin,Sales,Account Manager,Male,East,07-02-2022,71427,3
E1146,Noah Jackson,Marketing,Content Specialist,Male,East,19-01-2023,75814,4
E1147,Lucas Smith,HR,HR Executive,Female,South,05-07-2018,58980,3
E1148,Sophia Anderson,Finance,Finance Executive,Female,West,30-11-2024,93247,4
E1149,Emily Anderson,Sales,Account Manager,Female,West,18-07-2024,65163,2
E1150,David Garcia,HR,Recruiter,Female,West,20-08-2025,52069,4
E1151,Mia Jackson,HR,HR Generalist,Male,West,09-11-2024,54081,4
E1152,Sophia Thomas,Marketing,Content Specialist,Female,East,24-12-2023,81731,3
E1153,Emma Thompson,Marketing,Content Specialist,Male,East,29-03-2021,72859,4
E1154,Noah Garcia,Sales,Sales Associate,Female,East,14-11-2021,54599,5
E1155,James Garcia,Operations,Operations Analyst,Male,North,16-01-2024,63681,3
E1156,Olivia Smith,Operations,Supply Coordinator,Male,West,15-02-2019,48339,3
E1157,James Thompson,Operations,Operations Analyst,Female,South,22-03-2021,63218,2
E1158,Noah Thompson,IT,BI Analyst,Male,East,23-07-2023,70607,4
E1159,Lucas Thomas,IT,System Administrator,Male,North,22-01-2021,80649,3
E1160,Henry Harris,Operations,Operations Analyst,Female,North,02-03-2020,53684,5
E1161,Liam Clark,HR,HR Executive,Female,East,13-10-2020,67090,4
E1162,Daniel Harris,Marketing,SEO Analyst,Male,East,12-01-2022,70106,5
E1163,Ava White,Operations,Operations Executive,Female,West,23-06-2020,72485,5
E1164,Olivia Harris,Marketing,SEO Analyst,Male,North,06-09-2024,73709,2
E1165,Henry Jackson,Marketing,SEO Analyst,Male,North,06-09-2019,57617,5
E1166,Ethan Brown,Marketing,Content Specialist,Male,West,04-10-2023,80302,2
E1167,Henry Johnson,Finance,Financial Analyst,Male,North,05-07-2018,64178,5
E1168,David Thompson,Finance,Accountant,Male,South,12-03-2025,85066,2
E1169,Sophia Jackson,Operations,Operations Analyst,Male,West,29-05-2022,67553,5
E1170,Olivia Thomas,Marketing,Content Specialist,Male,North,18-11-2021,57395,5
E1171,Emily White,HR,HR Executive,Male,South,18-05-2018,53190,5
E1172,David Jackson,Marketing,Marketing Executive,Male,West,30-03-2021,69776,3
E1173,Amelia White,Finance,Accountant,Male,West,19-12-2019,63072,4
E1174,Noah Brown,IT,BI Analyst,Female,West,13-01-2024,89709,2
E1175,Olivia Wilson,IT,BI Analyst,Female,North,12-04-2020,94318,3
E1176,Michael Davis,Finance,Accountant,Male,South,03-08-2024,73689,3
E1177,Olivia Martin,Operations,Operations Executive,Female,West,11-10-2024,66550,5
E1178,Emma Wilson,Marketing,SEO Analyst,Female,East,13-01-2022,80768,3
E1179,Henry Garcia,Finance,Accountant,Male,South,25-06-2020,77090,4
E1180,Noah White,HR,HR Generalist,Male,East,03-10-2020,72122,3
E1181,Sophia Clark,HR,HR Executive,Female,South,30-01-2024,84337,5
E1182,David Smith,Operations,Operations Executive,Male,North,14-06-2020,79972,2
E1183,John Smith,Marketing,SEO Analyst,Female,North,09-12-2023,78218,2
E1184,James White,Marketing,Marketing Executive,Male,West,27-11-2023,55178,5
E1185,Emma Harris,Marketing,Marketing Executive,Male,North,27-11-2018,74718,5
E1186,Michael Thomas,Operations,Operations Executive,Male,East,13-11-2022,61855,5
E1187,Amelia White,Sales,Sales Executive,Female,North,19-05-2025,47156,5
E1188,Henry Garcia,Finance,Financial Analyst,Male,North,13-05-2022,69171,4
E1189,Michael Taylor,Sales,Account Manager,Male,South,14-10-2024,70998,5
E1190,Mia Brown,Finance,Finance Executive,Female,South,16-08-2025,79357,4
E1191,Liam Taylor,IT,BI Analyst,Female,South,13-03-2019,99146,2
E1192,Ethan Jackson,Sales,Sales Executive,Female,East,22-03-2024,78583,2
E1193,Mia Anderson,IT,Data Analyst,Female,East,13-12-2018,114912,3
E1194,David Johnson,Finance,Accountant,Female,East,16-11-2019,87597,4
E1195,Grace White,HR,Recruiter,Female,West,11-03-2020,57010,4
E1196,Mia Garcia,Finance,Accountant,Female,South,20-04-2025,81015,4
E1197,Charlotte White,IT,Software Engineer,Female,South,19-09-2020,95751,3
E1198,Ethan Martin,Operations,Supply Coordinator,Male,South,08-05-2020,57121,4
E1199,Mia Thompson,Finance,Finance Executive,Male,North,25-03-2022,91407,5
E1200,Emily Thompson,Finance,Finance Executive,Male,North,13-10-2020,62903,5
